<?xml version="1.0" encoding="UTF-8"?>
<metadata xml:lang="zh"><Esri><CreaDate>20171101</CreaDate><CreaTime>14535000</CreaTime><ArcGISFormat>1.0</ArcGISFormat><SyncOnce>TRUE</SyncOnce><DataProperties><lineage><Process ToolSource="d:\program files (x86)\arcgis\desktop10.2\ArcToolbox\Toolboxes\Conversion Tools.tbx\JSONToFeatures" Date="20171101" Time="145350">JSONToFeatures M:\Documents\python\amapDistrict\provinces.json M:\Documents\python\amapDistrict\shp\provinces.shp</Process></lineage></DataProperties></Esri></metadata>
